date,open,high,low,close,volume
2021-07-15,877.75,877.75,877.75,877.75,0.0
2021-07-16,894.25,894.25,894.25,894.25,0.0
2021-07-19,898.0,898.0,898.0,898.0,0.0
2021-07-20,894.0,894.0,894.0,894.0,0.0
2021-07-21,907.0,907.0,907.0,907.0,0.0
2021-07-22,889.0,889.0,889.0,889.0,0.0
2021-07-23,881.75,881.75,881.75,881.75,0.0
2021-07-26,875.75,875.75,875.75,875.75,0.0
2021-07-27,871.75,871.75,871.75,871.75,0.0
2021-07-28,883.5,883.5,883.5,883.5,0.0
2021-07-29,900.25,900.25,900.25,900.25,0.0
2021-07-30,901.0,901.0,901.0,901.0,0.0
2021-08-02,923.0,923.0,923.0,923.0,0.0
2021-08-03,918.25,918.25,918.25,918.25,0.0
2021-08-04,917.0,917.0,917.0,917.0,0.0
2021-08-05,915.0,915.0,915.0,915.0,0.0
2021-08-06,930.0,930.0,930.0,930.0,0.0
2021-08-09,926.5,926.5,926.5,926.5,0.0
2021-08-10,929.25,929.25,929.25,929.25,0.0
2021-08-11,923.5,923.5,923.5,923.5,0.0
2021-08-12,927.0,927.0,927.0,927.0,0.0
2021-08-13,935.5,935.5,935.5,935.5,0.0
2021-08-16,940.0,940.0,940.0,940.0,0.0
2021-08-17,925.0,925.0,925.0,925.0,0.0
2021-08-18,922.0,922.0,922.0,922.0,0.0
2021-08-19,910.25,910.25,910.25,910.25,0.0
2021-08-20,900.25,900.25,900.25,900.25,0.0
2021-08-23,913.0,913.0,913.0,913.0,0.0
2021-08-24,912.0,912.0,912.0,912.0,0.0
2021-08-25,903.0,903.0,903.0,903.0,0.0
2021-08-26,913.75,913.75,913.75,913.75,0.0
2021-08-27,913.0,913.0,913.0,913.0,0.0
2021-08-30,910.75,910.75,910.75,910.75,0.0
2021-08-31,926.0,926.0,926.0,926.0,0.0
2021-09-01,914.0,914.0,914.0,914.0,0.0
2021-09-02,915.25,915.25,915.25,915.25,0.0
2021-09-03,922.5,922.5,922.5,922.5,0.0
2021-09-07,910.25,910.25,910.25,910.25,0.0
2021-09-08,902.25,902.25,902.25,902.25,0.0
2021-09-09,885.0,885.0,885.0,885.0,0.0
2021-09-10,896.75,896.75,896.75,896.75,0.0
2021-09-13,893.75,893.75,893.75,893.75,0.0
2021-09-14,908.0,908.0,908.0,908.0,0.0
2021-09-15,915.25,915.25,915.25,915.25,0.0
2021-09-16,912.75,912.75,912.75,912.75,0.0
2021-09-17,909.75,909.75,909.75,909.75,0.0
2021-09-20,906.75,906.75,906.75,906.75,0.0
2021-09-21,901.75,901.75,901.75,901.75,0.0
2021-09-22,921.25,921.25,921.25,921.25,0.0
2021-09-23,932.5,932.5,932.5,932.5,0.0
2021-09-24,930.0,930.0,930.0,930.0,0.0
2021-09-27,930.0,930.0,930.0,930.0,0.0
2021-09-28,912.75,912.75,912.75,912.75,0.0
2021-09-29,919.5,919.5,919.5,919.5,0.0
2021-09-30,936.0,936.0,936.0,936.0,0.0
2021-10-01,957.25,957.25,957.25,957.25,0.0
2021-10-04,968.25,968.25,968.25,968.25,0.0
2021-10-05,956.75,956.75,956.75,956.75,0.0
2021-10-06,956.75,956.75,956.75,956.75,0.0
2021-10-07,967.75,967.75,967.75,967.75,0.0
2021-10-08,962.75,962.75,962.75,962.75,0.0
2021-10-11,966.75,966.75,966.75,966.75,0.0
2021-10-12,961.5,961.5,961.5,961.5,0.0
2021-10-13,948.25,948.25,948.25,948.25,0.0
2021-10-14,953.75,953.75,953.75,953.75,0.0
2021-10-15,962.75,962.75,962.75,962.75,0.0
2021-10-18,962.25,962.25,962.25,962.25,0.0
2021-10-19,958.25,958.25,958.25,958.25,0.0
2021-10-20,969.75,969.75,969.75,969.75,0.0
2021-10-21,960.75,960.75,960.75,960.75,0.0
2021-10-22,972.25,972.25,972.25,972.25,0.0
2021-10-25,979.5,979.5,979.5,979.5,0.0
2021-10-26,976.0,976.0,976.0,976.0,0.0
2021-10-27,987.0,987.0,987.0,987.0,0.0
2021-10-28,994.5,994.5,994.5,994.5,0.0
2021-10-29,992.5,992.5,992.5,992.5,0.0
2021-11-01,1005.75,1005.75,1005.75,1005.75,0.0
2021-11-02,1003.75,1003.75,1003.75,1003.75,0.0
2021-11-03,994.75,994.75,994.75,994.75,0.0
2021-11-04,985.0,985.0,985.0,985.0,0.0
2021-11-05,985.75,985.75,985.75,985.75,0.0
2021-11-08,990.75,990.75,990.75,990.75,0.0
2021-11-09,998.75,998.75,998.75,998.75,0.0
2021-11-10,1008.25,1008.25,1008.25,1008.25,0.0
2021-11-11,1013.25,1013.25,1013.25,1013.25,0.0
2021-11-12,1014.25,1014.25,1014.25,1014.25,0.0
2021-11-15,1016.25,1016.25,1016.25,1016.25,0.0
2021-11-16,1011.75,1011.75,1011.75,1011.75,0.0
2021-11-17,1020.0,1020.0,1020.0,1020.0,0.0
2021-11-18,1017.0,1017.0,1017.0,1017.0,0.0
2021-11-19,1015.0,1015.0,1015.0,1015.0,0.0
2021-11-22,1025.75,1025.75,1025.75,1025.75,0.0
2021-11-23,1029.0,1029.0,1029.0,1029.0,0.0
2021-11-24,1023.0,1023.0,1023.0,1023.0,0.0
2021-11-26,1015.75,1015.75,1015.75,1015.75,0.0
2021-11-29,996.0,996.0,996.0,996.0,0.0
2021-11-30,962.75,962.75,962.75,962.75,0.0
2021-12-01,962.75,962.75,962.75,962.75,0.0
2021-12-02,990.5,990.5,990.5,990.5,0.0
2021-12-03,979.5,979.5,979.5,979.5,0.0
2021-12-06,987.0,987.0,987.0,987.0,0.0
2021-12-07,993.5,993.5,993.5,993.5,0.0
2021-12-08,982.5,982.5,982.5,982.5,0.0
2021-12-09,973.5,973.5,973.5,973.5,0.0
2021-12-10,982.5,982.5,982.5,982.5,0.0
2021-12-13,987.5,987.5,987.5,987.5,0.0
2021-12-14,983.0,983.0,983.0,983.0,0.0
2021-12-15,952.5,952.5,952.5,952.5,0.0
2021-12-16,964.5,964.5,964.5,964.5,0.0
2021-12-17,963.5,963.5,963.5,963.5,0.0
2021-12-20,967.25,967.25,967.25,967.25,0.0
2021-12-21,982.5,982.5,982.5,982.5,0.0
2021-12-22,993.5,993.5,993.5,993.5,0.0
2021-12-23,990.75,990.75,990.75,990.75,0.0
2021-12-27,988.75,988.75,988.75,988.75,0.0
2021-12-28,977.5,977.5,977.5,977.5,0.0
2021-12-29,980.75,980.75,980.75,980.75,0.0
2021-12-30,967.25,967.25,967.25,967.25,0.0
2021-12-31,952.75,952.75,952.75,952.75,0.0
2022-01-03,948.5,948.5,948.5,948.5,0.0
2022-01-04,960.75,960.75,960.75,960.75,0.0
2022-01-05,960.25,960.25,960.25,960.25,0.0
2022-01-06,953.5,953.5,953.5,953.5,0.0
2022-01-07,967.75,967.75,967.75,967.75,0.0
2022-01-10,979.5,979.5,979.5,979.5,0.0
2022-01-11,982.5,982.5,982.5,982.5,0.0
2022-01-12,970.25,970.25,970.25,970.25,0.0
2022-01-13,967.25,967.25,967.25,967.25,0.0
2022-01-14,959.25,959.25,959.25,959.25,0.0
2022-01-18,978.75,978.75,978.75,978.75,0.0
2022-01-19,995.75,1006.0,995.75,1003.75,2.0
2022-01-20,1002.75,1002.75,1002.75,1002.75,0.0
2022-01-21,999.5,999.5,999.5,999.5,0.0
2022-01-24,1004.25,1013.0,998.5,1013.0,5.0
2022-01-25,1027.0,1027.0,1026.25,1026.25,1.0
2022-01-26,1007.75,1010.75,1007.75,1010.75,2.0
2022-01-27,997.75,997.75,994.5,994.5,2.0
2022-01-28,1000.0,1000.0,1000.0,1000.0,0.0
2022-01-31,977.5,977.5,977.5,977.5,0.0
2022-02-01,985.0,985.0,985.0,985.0,0.0
2022-02-02,974.5,974.5,974.5,974.5,0.0
2022-02-03,974.75,974.75,974.75,974.75,0.0
2022-02-04,983.0,983.0,983.0,983.0,0.0
2022-02-07,997.5,997.5,997.5,997.5,0.0
2022-02-08,1000.75,1000.75,1000.75,1000.75,0.0
2022-02-09,1015.25,1015.25,1015.25,1015.25,0.0
2022-02-10,1000.75,1000.75,1000.75,1000.75,0.0
2022-02-11,1020.75,1020.75,1020.75,1020.75,0.0
2022-02-14,1021.0,1021.0,1021.0,1021.0,0.0
2022-02-15,1002.75,1002.75,1002.75,1002.75,0.0
2022-02-16,1002.75,1006.25,1002.75,1006.25,1.0
2022-02-17,1023.25,1023.25,1023.25,1023.25,0.0
2022-02-18,1022.0,1022.0,1022.0,1022.0,0.0
2022-02-22,1053.25,1054.0,1051.5,1054.0,3.0
2022-02-23,1072.5,1072.5,1072.5,1072.5,0.0
2022-02-24,1049.5,1049.5,1049.5,1049.5,0.0
2022-02-25,995.0,995.0,995.0,995.0,0.0
2022-02-28,1049.25,1049.25,1049.25,1049.25,0.0
2022-03-01,1027.75,1027.75,1027.75,1027.75,0.0
2022-03-02,993.0,993.0,993.0,993.0,0.0
2022-03-03,1025.0,1025.0,1025.0,1025.0,0.0
2022-03-04,1011.0,1011.0,1011.0,1011.0,0.0
2022-03-07,1035.0,1035.0,1035.0,1035.0,0.0
2022-03-08,1011.25,1011.25,1011.25,1011.25,0.0
2022-03-09,975.75,975.75,975.75,975.75,0.0
2022-03-10,1006.0,1006.0,1006.0,1006.0,0.0
2022-03-11,1025.75,1025.75,1025.75,1025.75,0.0
2022-03-14,1038.0,1038.0,1002.25,1002.25,2.0
2022-03-15,1020.0,1020.0,1020.0,1020.0,0.0
2022-03-16,984.5,984.5,984.5,984.5,0.0
2022-03-17,1028.25,1028.25,1028.25,1028.25,0.0
2022-03-18,1043.25,1043.25,1043.25,1043.25,0.0
2022-03-21,1089.75,1089.75,1089.75,1089.75,0.0
2022-03-22,1110.0,1110.0,1110.0,1110.0,0.0
2022-03-23,1098.5,1098.5,1098.5,1098.5,0.0
2022-03-24,1095.5,1095.5,1095.5,1095.5,0.0
2022-03-25,1112.75,1112.75,1112.75,1112.75,0.0
2022-03-28,1116.75,1116.75,1116.75,1116.75,0.0
2022-03-29,1094.5,1094.5,1094.5,1094.5,0.0
2022-03-30,1101.5,1101.5,1101.5,1101.5,0.0
2022-03-31,1090.75,1090.75,1090.75,1090.75,0.0
2022-04-01,1089.75,1089.75,1089.75,1089.75,0.0
2022-04-04,1123.75,1123.75,1123.75,1123.75,0.0
2022-04-05,1141.25,1141.25,1141.25,1141.25,0.0
2022-04-06,1148.0,1148.0,1148.0,1148.0,0.0
2022-04-07,1150.0,1151.25,1148.0,1148.0,2.0
2022-04-08,1169.25,1169.25,1169.25,1169.25,0.0
2022-04-11,1176.5,1201.0,1175.75,1201.0,2.0
2022-04-12,1210.5,1210.5,1210.5,1210.5,0.0
2022-04-13,1210.5,1242.0,1210.5,1242.0,3.0
2022-04-14,1255.75,1273.25,1255.75,1273.25,1.0
2022-04-18,1311.25,1311.25,1311.25,1311.25,0.0
2022-04-19,1328.5,1328.5,1328.5,1328.5,0.0
2022-04-20,1326.0,1345.0,1326.0,1345.0,2.0
2022-04-21,1336.5,1336.75,1325.5,1330.5,28.0
2022-04-22,1322.5,1322.5,1318.5,1321.75,20.0
2022-04-25,1311.5,1311.5,1311.5,1311.5,0.0
2022-04-26,1324.75,1324.75,1324.75,1324.75,0.0
2022-04-27,1327.75,1327.75,1327.75,1327.75,0.0
2022-04-28,1329.5,1329.5,1329.5,1329.5,0.0
2022-04-29,1299.25,1299.25,1299.25,1299.25,0.0
2022-05-02,1302.25,1302.25,1302.25,1302.25,0.0
2022-05-03,1290.75,1290.75,1290.75,1290.75,0.0
2022-05-04,1312.75,1312.75,1312.75,1312.75,0.0
2022-05-05,1333.75,1333.75,1333.75,1333.75,0.0
2022-05-06,1322.75,1322.75,1322.75,1322.75,0.0
2022-05-09,1316.5,1316.5,1316.5,1316.5,0.0
2022-05-10,1324.75,1324.75,1324.75,1324.75,0.0
2022-05-11,1336.0,1340.75,1336.0,1340.75,1.0
2022-05-12,1402.75,1402.75,1402.75,1402.75,0.0
2022-05-13,1376.0,1376.0,1376.0,1376.0,0.0
2022-05-16,1377.25,1377.25,1377.25,1377.25,0.0
2022-05-17,1412.5,1412.5,1412.5,1412.5,0.0
2022-05-18,1388.5,1388.5,1388.5,1388.5,0.0
2022-05-19,1372.25,1372.25,1372.25,1372.25,0.0
2022-05-20,1356.0,1356.0,1356.0,1356.0,0.0
2022-05-23,1383.25,1383.25,1383.25,1383.25,0.0
2022-05-24,1368.0,1368.0,1368.0,1368.0,0.0
2022-05-25,1342.25,1342.25,1342.25,1342.25,0.0
2022-05-26,1319.0,1352.0,1319.0,1352.0,3.0
2022-05-27,1375.25,1375.25,1375.25,1375.25,0.0
2022-05-31,1317.0,1317.0,1317.0,1317.0,0.0
2022-06-01,1270.0,1270.0,1270.0,1270.0,0.0
2022-06-02,1305.75,1305.75,1305.75,1305.75,0.0
2022-06-03,1288.75,1313.0,1288.75,1313.0,2.0
2022-06-06,1373.0,1373.0,1373.0,1373.0,0.0
2022-06-07,1373.0,1375.0,1345.25,1375.0,22.0
2022-06-08,1394.0,1394.0,1394.0,1394.0,0.0
2022-06-09,1378.25,1378.25,1378.25,1378.25,0.0
2022-06-10,1365.0,1379.5,1359.25,1379.5,3.0
2022-06-13,1378.0,1399.75,1378.0,1399.75,2.0
2022-06-14,1368.25,1375.5,1368.25,1368.75,5.0
2022-06-15,1358.0,1362.75,1354.75,1355.25,12.0
2022-06-16,1378.5,1378.5,1378.5,1378.5,0.0
2022-06-17,1377.25,1377.25,1341.0,1341.0,2.0
2022-06-21,1326.5,1326.5,1273.0,1273.0,2.0
2022-06-22,1267.5,1267.5,1267.5,1267.5,0.0
2022-06-23,1263.0,1268.25,1218.0,1218.0,14.0
2022-06-24,1210.5,1217.5,1205.75,1205.75,4.0
2022-06-27,1188.5,1188.5,1188.5,1188.5,0.0
2022-06-28,1198.25,1198.25,1198.25,1198.25,0.0
2022-06-29,1194.25,1199.25,1191.25,1199.25,4.0
2022-06-30,1200.75,1200.75,1146.0,1146.0,2.0
2022-07-01,1127.75,1127.75,1127.75,1127.75,0.0
2022-07-05,1090.0,1090.0,1077.25,1077.25,10.0
2022-07-06,1090.0,1090.0,1063.5,1063.5,19.0
2022-07-07,1096.75,1096.75,1096.75,1096.75,0.0
2022-07-08,1157.0,1157.0,1157.0,1157.0,0.0
2022-07-11,1111.75,1111.75,1111.75,1111.75,0.0
2022-07-12,1068.75,1068.75,1068.75,1068.75,0.0
2022-07-13,1072.25,1081.25,1063.75,1063.75,3.0
2022-07-14,1069.25,1069.25,1051.25,1051.25,2.0
2022-07-15,1044.5,1044.5,1044.5,1044.5,0.0
2022-07-18,1090.5,1090.5,1090.5,1090.5,0.0
2022-07-19,1093.0,1093.0,1093.0,1093.0,0.0
2022-07-20,1092.75,1092.75,1092.75,1092.75,0.0
2022-07-21,1075.75,1075.75,1075.75,1075.75,0.0
2022-07-22,1044.25,1044.25,1044.25,1044.25,0.0
2022-07-25,1048.25,1048.25,1048.25,1048.25,0.0
2022-07-26,1081.25,1081.25,1081.25,1081.25,0.0
2022-07-27,1081.25,1081.25,1081.25,1081.25,0.0
2022-07-28,1110.75,1110.75,1110.75,1110.75,0.0
2022-07-29,1109.5,1109.5,1109.5,1109.5,0.0
2022-08-01,1108.0,1108.0,1108.0,1108.0,0.0
2022-08-02,1087.0,1087.0,1087.0,1087.0,0.0
2022-08-03,1072.75,1072.75,1072.75,1072.75,0.0
2022-08-04,1090.75,1090.75,1090.75,1090.75,0.0
2022-08-05,1096.0,1096.0,1096.0,1096.0,0.0
2022-08-08,1103.0,1103.0,1103.0,1103.0,0.0
2022-08-09,1098.75,1098.75,1098.75,1098.75,0.0
2022-08-10,1115.75,1115.75,1115.75,1115.75,0.0
2022-08-11,1123.75,1123.75,1123.75,1123.75,0.0
2022-08-12,1118.75,1118.75,1118.75,1118.75,0.0
2022-08-15,1115.0,1115.0,1115.0,1115.0,0.0
2022-08-16,1097.75,1097.75,1097.75,1097.75,0.0
2022-08-17,1072.5,1072.5,1072.5,1072.5,0.0
2022-08-18,1041.25,1041.25,1041.25,1041.25,0.0
2022-08-19,1043.5,1064.75,1043.5,1064.75,10.0
2022-08-22,1072.25,1095.0,1072.25,1095.0,1.0
2022-08-23,1119.0,1119.0,1119.0,1119.0,0.0
2022-08-24,1123.0,1123.0,1123.0,1123.0,0.0
2022-08-25,1094.75,1094.75,1094.75,1094.75,0.0
2022-08-26,1122.0,1122.0,1122.0,1122.0,0.0
2022-08-29,1162.25,1162.25,1162.25,1162.25,0.0
2022-08-30,1145.25,1145.25,1145.25,1145.25,0.0
2022-08-31,1161.25,1161.25,1161.25,1161.25,0.0
2022-09-01,1115.25,1115.25,1115.25,1115.25,0.0
2022-09-02,1133.0,1133.0,1133.0,1133.0,0.0
2022-09-06,1133.75,1133.75,1133.75,1133.75,0.0
2022-09-07,1165.25,1165.25,1150.5,1150.5,10.0
2022-09-08,1141.75,1141.75,1141.75,1141.75,0.0
2022-09-09,1176.5,1176.5,1176.5,1176.5,0.0
2022-09-12,1163.25,1163.25,1163.25,1163.25,0.0
2022-09-13,1167.0,1167.0,1167.0,1167.0,0.0
2022-09-14,1174.75,1174.75,1174.75,1174.75,0.0
2022-09-15,1135.25,1135.25,1135.25,1135.25,0.0
2022-09-16,1160.25,1160.25,1160.25,1160.25,0.0
2022-09-19,1131.25,1131.25,1131.25,1131.25,0.0
2022-09-20,1173.25,1186.5,1171.25,1186.5,10.0
2022-09-21,1173.75,1186.5,1173.75,1186.5,1.0
2022-09-22,1191.25,1191.25,1191.25,1191.25,0.0
2022-09-23,1161.25,1161.25,1161.25,1161.25,0.0
2022-09-26,1132.0,1132.0,1132.0,1132.0,0.0
2022-09-27,1140.0,1140.0,1140.0,1140.0,0.0
2022-09-28,1170.5,1170.5,1170.5,1170.5,0.0
2022-09-29,1173.5,1173.5,1167.0,1167.0,1.0
2022-09-30,1181.75,1181.75,1181.25,1181.25,5.0
2022-10-03,1179.75,1179.75,1179.75,1179.75,0.0
2022-10-04,1177.75,1177.75,1177.75,1177.75,0.0
2022-10-05,1185.5,1185.5,1185.5,1185.5,0.0
2022-10-06,1163.25,1167.0,1163.25,1167.0,1.0
2022-10-07,1171.0,1171.0,1171.0,1171.0,0.0
2022-10-10,1219.0,1219.0,1212.0,1212.0,10.0
2022-10-11,1176.75,1184.25,1176.25,1180.5,11.0
2022-10-12,1173.25,1176.25,1171.25,1175.5,14.0
2022-10-13,1188.5,1188.5,1179.75,1179.75,2.0
2022-10-14,1162.0,1162.0,1157.0,1157.0,1.0
2022-10-17,1160.0,1160.0,1160.0,1160.0,0.0
2022-10-18,1147.25,1156.0,1143.25,1156.0,31.0
2022-10-19,1159.5,1165.0,1141.25,1148.25,18.0
2022-10-20,1163.25,1167.25,1163.25,1167.25,10.0
2022-10-21,1168.0,1168.0,1168.0,1168.0,0.0
2022-10-24,1157.0,1157.0,1157.0,1157.0,0.0
2022-10-25,1157.25,1157.25,1157.25,1157.25,0.0
2022-10-26,1163.25,1168.0,1162.5,1162.5,17.0
2022-10-27,1162.0,1162.0,1162.0,1162.0,0.0
2022-10-28,1154.25,1154.25,1154.25,1154.25,0.0
2022-10-31,1189.75,1197.5,1188.5,1197.5,26.0
2022-11-01,1199.25,1214.5,1197.25,1214.5,22.0
2022-11-02,1175.75,1176.5,1167.5,1167.5,8.0
2022-11-03,1163.25,1163.25,1163.25,1163.25,0.0
2022-11-04,1168.25,1179.25,1160.5,1178.75,9.0
2022-11-07,1189.75,1189.75,1179.25,1179.25,1.0
2022-11-08,1180.5,1184.5,1157.5,1160.25,8.0
2022-11-09,1146.0,1149.25,1138.25,1140.75,54.0
2022-11-10,1142.0,1155.5,1141.75,1144.25,45.0
2022-11-11,1154.5,1159.25,1139.0,1156.0,36.0
2022-11-14,1149.0,1169.25,1149.0,1156.0,20.0
2022-11-15,1148.5,1164.0,1143.25,1164.0,30.0
2022-11-16,1148.5,1148.5,1148.5,1148.5,0.0
2022-11-17,1134.0,1135.0,1128.75,1135.0,2.0
2022-11-18,1127.0,1127.0,1127.0,1127.0,0.0
2022-11-21,1127.75,1127.75,1103.5,1120.25,16.0
2022-11-22,1114.0,1114.0,1110.0,1110.0,1.0
2022-11-23,1117.0,1117.0,1114.75,1114.75,1.0
2022-11-25,1099.5,1099.5,1099.5,1099.5,0.0
2022-11-28,1086.75,1086.75,1086.75,1086.75,0.0
2022-11-29,1082.75,1083.25,1082.25,1083.25,10.0
2022-11-30,1095.0,1095.0,1095.0,1095.0,0.0
2022-12-01,1092.75,1103.0,1092.75,1092.75,38.0
2022-12-02,1079.5,1079.5,1076.25,1076.25,3.0
2022-12-05,1048.25,1048.25,1043.25,1043.25,3.0
2022-12-06,1049.0,1049.25,1023.0,1024.25,12.0
2022-12-07,1036.5,1046.0,1036.5,1040.25,4.0
2022-12-08,1032.25,1038.5,1027.25,1037.5,19.0
2022-12-09,1035.0,1037.5,1030.25,1030.25,11.0
2022-12-12,1044.25,1055.0,1044.25,1049.25,2.0
2022-12-13,1049.5,1049.5,1049.5,1049.5,0.0
2022-12-14,1050.0,1050.0,1050.0,1050.0,0.0
2022-12-15,1054.25,1054.25,1054.25,1054.25,0.0
2022-12-16,1055.25,1055.25,1047.5,1047.5,15.0
2022-12-19,1040.5,1048.25,1039.25,1047.5,63.0
2022-12-20,1045.5,1045.5,1045.5,1045.5,0.0
2022-12-21,1070.25,1070.25,1066.75,1066.75,1.0
2022-12-22,1064.5,1064.75,1063.75,1063.75,9.0
2022-12-23,1076.75,1076.75,1076.75,1076.75,0.0
2022-12-27,1074.75,1074.75,1073.25,1074.25,10.0
2022-12-28,1081.25,1089.5,1080.75,1089.5,8.0
2022-12-29,1071.75,1078.25,1069.75,1077.25,49.0
2022-12-30,1094.0,1098.5,1092.0,1095.5,19.0
2023-01-03,1092.0,1096.75,1073.25,1078.75,31.0
2023-01-04,1062.75,1062.75,1045.25,1045.5,10.0
2023-01-05,1049.5,1052.0,1037.25,1044.5,69.0
2023-01-06,1050.25,1055.0,1043.0,1043.0,10.0
2023-01-09,1043.5,1051.25,1043.0,1043.0,9.0
2023-01-10,1028.75,1034.25,1024.25,1030.0,63.0
2023-01-11,1029.75,1042.5,1029.25,1040.5,89.0
2023-01-12,1032.5,1046.25,1023.75,1043.5,52.0
2023-01-13,1040.0,1049.25,1036.0,1044.5,13.0
2023-01-17,1032.5,1053.25,1032.5,1053.25,43.0
2023-01-18,1057.0,1059.75,1045.5,1045.5,11.0
2023-01-19,1047.25,1050.25,1037.25,1037.25,4.0
2023-01-20,1039.0,1045.0,1037.5,1045.0,14.0
2023-01-23,1021.0,1021.0,1009.0,1018.0,48.0
2023-01-24,1021.75,1036.0,1021.75,1032.0,17.0
2023-01-25,1038.25,1038.25,1036.0,1036.0,1.0
2023-01-26,1045.5,1054.0,1045.5,1050.25,29.0
2023-01-27,1047.5,1048.0,1045.0,1047.25,3.0
2023-01-30,1047.5,1057.0,1044.25,1052.0,7.0
2023-01-31,1048.5,1063.75,1048.5,1063.25,12.0
2023-02-01,1057.0,1066.25,1051.5,1066.25,2.0
2023-02-02,1071.5,1072.25,1056.5,1070.5,22.0
2023-02-03,1064.75,1083.5,1064.75,1067.5,13.0
2023-02-06,1068.5,1070.25,1054.5,1059.5,40.0
2023-02-07,1064.75,1064.75,1059.75,1060.25,17.0
2023-02-08,1065.75,1065.75,1065.75,1065.75,0.0
2023-02-10,1093.5,1100.5,1091.0,1097.5,12.0
2023-02-13,1095.5,1103.5,1095.5,1100.75,8.0
2023-02-14,1106.0,1106.0,1095.75,1098.5,4.0
2023-02-15,1081.25,1086.25,1081.25,1084.25,3.0
2023-02-16,1076.75,1081.25,1076.5,1080.25,26.0
2023-02-17,1080.75,1082.25,1078.5,1078.5,8.0
2023-02-21,1082.25,1082.25,1065.75,1065.75,16.0
2023-02-22,1058.25,1058.25,1049.25,1049.5,14.0
2023-02-23,1052.0,1054.5,1044.0,1047.5,14.0
2023-02-24,1030.0,1030.0,1014.25,1015.0,75.0
2023-02-27,1009.0,1010.0,1001.0,1006.0,174.0
2023-02-28,1001.5,1006.25,999.5,1003.75,32.0
2023-03-01,1005.0,1010.0,998.0,1010.0,20.0
2023-03-02,1011.0,1017.75,1006.25,1011.25,16.0
2023-03-03,1010.0,1010.0,1005.75,1008.25,10.0
2023-03-06,995.0,997.5,991.5,994.0,120.0
2023-03-07,988.75,997.0,988.75,995.5,65.0
2023-03-08,987.0,987.75,978.5,981.0,78.0
2023-03-09,980.5,980.5,958.5,960.25,72.0
2023-03-10,962.5,981.0,960.5,975.0,104.0
2023-03-13,966.25,989.0,966.25,981.5,26.0
2023-03-14,975.0,995.75,975.0,993.75,25.0
2023-03-15,996.5,999.0,992.5,999.0,31.0
2023-03-16,994.0,994.0,988.5,990.75,20.0
2023-03-17,993.75,1002.75,991.5,1001.5,14.0
2023-03-20,991.5,991.5,982.0,983.75,17.0
2023-03-21,990.5,990.5,967.75,970.25,33.0
2023-03-22,954.75,959.75,947.25,952.5,88.0
2023-03-23,959.75,963.5,946.75,954.75,216.0
2023-03-24,980.75,998.5,971.25,986.75,174.0
2023-03-27,982.75,1006.25,982.0,1000.75,50.0
2023-03-28,1005.75,1005.75,998.0,1002.75,24.0
2023-03-29,1022.25,1029.0,1004.25,1007.0,46.0
2023-03-30,1009.75,1009.75,994.5,996.75,136.0
2023-03-31,991.5,996.75,985.75,996.0,91.0
2023-04-03,1011.75,1014.25,1000.75,1000.75,18.0
2023-04-04,1005.25,1005.25,993.75,995.5,43.0
2023-04-05,982.0,995.0,982.0,985.75,40.0
2023-04-06,982.0,983.75,974.0,976.0,38.0
2023-04-10,979.75,980.75,965.75,980.0,97.0
2023-04-11,975.5,977.0,963.75,965.75,98.0
2023-04-12,964.75,971.25,964.5,965.75,98.0
2023-04-13,964.25,964.75,951.25,952.25,170.0
2023-04-14,950.25,971.5,950.25,969.75,42.0
2023-04-17,975.75,989.0,969.25,989.0,34.0
2023-04-18,987.0,992.75,984.5,992.0,104.0
2023-04-19,977.75,980.0,971.5,972.5,134.0
2023-04-20,957.25,964.5,952.25,953.75,206.0
2023-04-21,950.75,953.75,937.25,942.0,280.0
2023-04-24,938.25,940.5,930.25,930.5,215.0
2023-04-25,931.25,931.5,912.75,927.0,335.0
2023-04-26,926.5,927.25,911.0,912.25,271.0
2023-04-27,894.25,900.0,889.25,895.25,272.0
2023-04-28,893.0,906.25,889.25,903.0,264.0
2023-05-01,886.75,895.25,880.5,886.75,196.0
2023-05-02,878.75,887.5,872.75,873.75,308.0
2023-05-03,885.5,910.75,883.0,909.75,358.0
2023-05-04,901.25,920.5,896.0,917.5,218.0
2023-05-05,918.5,937.5,916.25,932.5,243.0
2023-05-08,938.5,942.0,926.5,928.5,179.0
2023-05-09,912.0,918.25,904.0,917.5,133.0
2023-05-10,900.25,917.0,900.25,913.0,159.0
2023-05-11,908.75,910.75,895.0,897.75,192.0
2023-05-12,906.0,926.5,901.0,907.25,241.0
2023-05-15,928.25,940.0,927.25,937.0,147.0
2023-05-16,936.0,936.5,914.25,924.0,178.0
2023-05-17,912.0,925.0,888.0,899.75,506.0
2023-05-18,879.5,887.75,876.5,884.5,152.0
2023-05-19,890.25,895.75,873.75,876.5,335.0
2023-05-22,868.75,882.5,868.0,875.75,825.0
2023-05-23,881.5,897.75,877.75,893.0,371.0
2023-05-24,887.5,891.0,870.0,874.0,1146.0
2023-05-25,872.75,885.75,867.75,874.0,379.0
2023-05-26,885.5,892.0,877.5,888.75,1213.0
2023-05-30,872.0,873.75,855.75,861.75,1400.0
2023-05-31,842.75,865.0,842.25,863.75,1022.0
2023-06-01,885.5,887.5,874.5,887.0,774.0
2023-06-02,885.0,903.25,878.5,899.0,537.0
2023-06-05,899.75,912.25,893.75,904.25,820.0
2023-06-06,917.5,920.25,900.75,908.25,1022.0
2023-06-07,908.25,909.0,887.5,890.0,568.0
2023-06-08,896.0,905.25,892.0,903.75,394.0
2023-06-09,904.0,907.0,891.0,905.25,964.0
2023-06-12,906.75,915.75,901.25,910.75,898.0
2023-06-13,911.75,927.5,907.75,912.75,598.0
2023-06-14,901.0,908.75,899.25,903.0,271.0
2023-06-15,917.0,944.0,917.0,939.0,1184.0
2023-06-16,958.75,983.5,958.75,975.75,610.0
2023-06-20,968.5,991.0,965.5,985.75,1732.0
2023-06-21,1000.75,1033.5,1000.75,1032.5,1425.0
2023-06-22,1020.25,1048.0,1020.25,1043.0,1768.0
2023-06-23,1017.75,1033.25,1015.75,1031.5,1304.0
2023-06-26,1047.25,1056.25,1023.25,1029.25,1066.0
2023-06-27,998.75,1001.75,974.0,979.5,1467.0
2023-06-28,958.5,961.5,940.0,943.5,926.0
2023-06-29,948.5,952.75,936.5,939.0,723.0
2023-06-30,946.5,954.25,915.75,922.25,1441.0
2023-07-03,921.25,930.0,911.75,920.5,1970.0
2023-07-05,921.5,955.25,915.75,947.75,2102.0
2023-07-06,938.25,938.25,924.0,931.25,1492.0
2023-07-07,918.25,935.0,916.0,919.5,1047.0
2023-07-10,917.0,928.25,911.25,912.25,1196.0
2023-07-11,926.0,935.5,919.25,928.25,1429.0
2023-07-12,929.25,931.5,899.25,901.25,2093.0
2023-07-13,903.75,917.0,898.0,911.25,753.0
2023-07-14,925.25,937.5,913.25,934.0,2098.0
2023-07-17,958.75,959.25,923.25,926.25,1108.0
2023-07-18,938.0,953.5,934.5,946.75,1388.0
2023-07-19,983.75,1026.0,977.5,1012.25,3247.0
2023-07-20,1030.25,1036.0,1007.0,1017.25,2150.0
2023-07-21,989.0,1005.75,980.5,983.0,1107.0
2023-07-24,1033.0,1065.25,1033.0,1056.25,1532.0
2023-07-25,1043.0,1061.75,1035.0,1061.25,989.0
2023-07-26,1036.5,1043.25,1001.0,1014.75,1028.0
2023-07-27,1014.75,1031.5,1009.25,1012.75,788.0
2023-07-28,993.0,1021.75,984.0,1005.75,449.0
2023-07-31,983.0,984.75,960.25,962.5,1735.0
2023-08-01,951.25,957.25,936.25,948.75,1469.0
2023-08-02,956.5,956.5,928.0,937.25,1886.0
2023-08-03,936.5,937.25,923.5,928.25,1403.0
2023-08-04,953.5,954.25,927.5,933.5,1322.0
2023-08-07,945.0,959.5,929.0,955.5,1460.0
2023-08-08,948.25,960.5,940.0,952.5,911.0
2023-08-09,945.75,945.75,931.5,935.25,1656.0
2023-08-10,935.25,939.25,930.0,934.5,1618.0
2023-08-11,926.5,935.0,920.0,924.25,1779.0
2023-08-14,912.0,912.0,895.75,904.75,1676.0
2023-08-15,898.0,898.25,882.0,882.0,1524.0
2023-08-16,883.5,889.25,878.0,884.75,1382.0
2023-08-17,872.5,879.5,869.0,873.5,808.0
2023-08-18,889.25,904.0,889.25,901.25,1428.0
2023-08-21,894.0,894.0,882.5,884.75,1446.0
2023-08-22,891.25,893.25,879.75,887.75,961.0
2023-08-23,890.25,909.25,887.5,905.0,1395.0
2023-08-24,901.25,901.25,889.75,896.75,705.0
2023-08-25,901.25,901.75,878.0,881.75,1142.0
2023-08-28,881.5,881.75,873.5,878.0,1142.0
2023-08-29,870.75,870.75,858.25,858.5,3410.0
2023-08-30,866.0,869.0,855.75,864.0,3127.0
2023-08-31,853.75,874.75,849.25,858.25,1528.0
2023-09-01,867.5,871.0,848.5,849.5,1534.0
2023-09-05,852.25,859.75,845.25,851.25,1858.0
2023-09-06,857.5,872.75,857.5,865.5,2003.0
2023-09-07,864.0,872.5,852.75,854.75,1326.0
2023-09-08,855.25,855.5,843.25,849.25,1346.0
2023-09-11,845.75,845.75,829.0,834.25,1945.0
2023-09-12,827.0,841.75,816.5,838.25,2177.0
2023-09-13,853.25,855.75,841.75,850.75,2015.0
2023-09-14,848.5,851.25,834.5,846.5,1719.0
2023-09-15,848.25,862.0,846.25,857.75,1826.0
2023-09-18,847.25,850.25,837.25,841.75,2322.0
2023-09-19,840.5,844.5,832.5,833.75,1905.0
2023-09-20,841.75,845.25,831.0,838.5,2414.0
2023-09-21,831.5,834.75,822.25,823.0,1499.0
2023-09-22,826.25,831.25,822.5,829.25,1167.0
2023-09-25,831.5,842.25,830.0,841.25,1741.0
2023-09-26,844.5,849.75,835.5,842.5,1976.0
2023-09-27,840.5,845.5,830.5,832.25,1840.0
2023-09-28,830.25,836.25,827.0,830.5,2432.0
2023-09-29,833.75,839.5,788.25,790.75,4288.0
2023-10-02,799.0,820.0,799.0,817.5,3150.0
2023-10-03,825.5,826.5,813.0,820.25,2186.0
2023-10-04,806.5,812.25,800.25,807.0,2621.0
2023-10-05,807.0,833.25,807.0,831.5,2137.0
2023-10-06,824.5,830.25,818.5,820.25,1673.0
2023-10-09,830.25,834.25,825.0,828.5,1598.0
2023-10-10,817.0,818.25,807.25,811.5,1767.0
2023-10-11,805.5,808.5,802.25,807.25,1509.0
2023-10-12,806.0,826.25,795.25,824.0,2581.0
2023-10-13,835.5,838.25,822.0,827.5,2459.0
2023-10-16,831.0,832.0,823.5,825.25,1648.0
2023-10-17,820.5,830.5,817.25,819.0,1678.0
2023-10-18,825.0,834.5,822.25,830.0,2362.0
2023-10-19,827.0,844.75,824.5,843.75,2882.0
2023-10-20,847.5,859.75,834.5,838.5,3072.0
2023-10-23,838.5,847.75,834.75,839.5,1767.0
2023-10-24,832.5,833.25,820.25,829.25,1690.0
2023-10-25,828.0,828.0,813.25,815.5,2556.0
2023-10-26,819.0,828.25,817.0,827.25,2009.0
2023-10-27,824.0,827.5,817.0,823.0,2422.0
2023-10-30,818.25,824.0,811.0,813.25,3248.0
2023-10-31,806.5,811.5,800.0,801.75,2975.0
2023-11-01,805.25,809.5,803.0,808.0,2760.0
2023-11-02,806.0,816.25,802.0,810.5,2118.0
2023-11-03,814.25,821.25,811.0,819.5,1847.0
2023-11-06,812.5,827.0,812.5,824.25,5823.0
2023-11-07,822.0,830.25,808.5,814.5,3883.0
2023-11-08,823.5,847.25,822.25,841.5,5812.0
2023-11-09,835.5,835.5,818.25,827.0,3415.0
2023-11-10,829.25,829.25,813.5,817.25,2475.0
2023-11-13,812.0,823.5,807.5,820.0,2417.0
2023-11-14,822.5,828.5,813.0,815.0,1886.0
2023-11-15,813.0,816.5,800.0,802.25,4428.0
2023-11-16,799.75,800.0,786.25,793.0,6703.0
2023-11-17,790.0,791.25,784.75,787.0,3045.0
2023-11-20,784.0,790.25,776.25,779.25,3564.0
2023-11-21,783.25,796.0,777.25,794.0,5508.0
2023-11-22,801.0,804.5,794.75,796.75,4880.0
2023-11-24,796.75,796.75,784.0,786.25,3936.0
2023-11-27,786.25,786.75,761.0,766.0,8134.0
2023-11-28,769.0,784.0,762.0,781.75,5047.0
2023-11-29,789.0,800.25,787.25,798.75,6119.0
2023-11-30,797.25,815.5,794.0,814.5,6481.0
2023-12-01,806.25,829.25,806.25,820.25,7765.0
2023-12-04,830.0,850.25,825.0,842.75,11100.0
2023-12-05,845.25,862.75,842.75,856.25,12069.0
2023-12-06,871.0,878.0,852.5,855.75,9118.0
2023-12-07,846.25,866.5,838.75,863.5,10334.0
2023-12-08,860.25,864.5,847.5,851.5,10022.0
2023-12-11,843.25,848.5,821.0,823.25,8642.0
2023-12-12,827.5,848.5,826.25,844.75,7269.0
2023-12-13,833.25,833.25,816.0,819.5,5981.0
2023-12-14,830.0,837.75,821.0,832.0,5746.0
2023-12-15,828.25,850.5,827.5,850.25,5892.0
2023-12-18,838.5,845.75,832.25,834.75,5253.0
2023-12-19,827.5,843.5,826.5,841.75,4434.0
2023-12-20,838.25,842.5,825.0,826.0,4671.0
2023-12-21,831.5,834.25,827.25,829.5,3669.0
2023-12-22,832.75,837.25,831.0,834.25,2373.0
2023-12-26,832.0,863.0,827.5,859.25,6100.0
2023-12-27,848.5,851.5,838.25,842.5,4790.0
2023-12-28,852.25,859.5,849.25,853.75,4373.0
2023-12-29,852.25,854.25,841.75,850.25,3813.0
2024-01-02,850.75,850.75,821.0,823.25,8491.0
2024-01-03,823.5,824.25,812.5,815.0,4512.0
2024-01-04,810.0,831.25,803.75,830.25,5980.0
2024-01-05,829.5,839.75,829.5,834.25,4058.0
2024-01-08,817.0,817.25,805.0,810.0,4639.0
2024-01-09,810.25,831.5,809.0,827.5,5494.0
2024-01-10,826.25,830.0,820.0,829.25,2711.0
2024-01-11,824.0,828.25,818.0,820.0,3867.0
2024-01-12,829.5,830.25,799.75,811.0,9041.0
2024-01-16,812.25,815.25,785.75,792.25,7507.0
2024-01-17,789.25,807.25,785.25,790.25,6602.0
2024-01-18,783.25,795.0,778.0,793.25,4835.0
2024-01-19,801.25,809.0,799.75,802.25,6521.0
2024-01-22,800.75,811.0,797.25,806.25,4613.0
2024-01-23,811.5,819.5,803.25,806.5,5633.0
2024-01-24,812.0,826.5,807.0,824.5,6928.0
2024-01-25,825.5,829.25,819.0,827.0,7241.0
2024-01-26,817.5,817.5,802.0,812.0,7894.0
2024-01-29,799.25,804.25,794.75,802.75,6114.0
2024-01-30,796.75,820.25,795.0,818.25,9462.0
2024-01-31,807.25,810.25,800.25,804.5,5821.0
2024-02-01,796.25,813.0,794.75,810.25,8113.0
2024-02-02,815.0,822.25,803.75,808.25,7791.0
2024-02-05,799.0,805.5,792.25,796.25,7003.0
2024-02-06,799.75,804.5,794.25,801.25,6159.0
2024-02-07,799.25,814.25,797.75,808.25,13611.0
2024-02-08,795.25,800.0,784.25,789.75,12967.0
2024-02-09,795.75,809.25,794.25,796.75,12661.0
2024-02-12,791.0,803.25,785.25,796.75,11760.0
2024-02-13,791.75,801.25,790.0,793.75,14516.0
2024-02-14,777.0,781.25,768.0,775.0,22543.0
2024-02-15,763.75,775.0,752.5,754.0,26425.0
2024-02-16,746.75,756.0,737.75,743.25,23537.0
2024-02-20,749.5,773.5,748.5,770.0,39943.0
2024-02-21,763.5,769.0,759.0,768.5,24039.0
2024-02-22,776.25,790.0,765.0,770.0,43285.0
2024-02-23,771.5,778.0,755.0,756.5,30277.0
2024-02-26,750.0,766.0,748.0,764.0,27913.0
2024-02-27,769.0,783.75,764.75,776.75,32392.0
2024-02-28,766.75,769.5,759.75,764.0,27737.0
2024-02-29,760.5,772.5,756.5,766.0,27241.0
2024-03-01,759.5,759.5,738.5,741.5,50165.0
2024-03-04,744.5,755.0,744.5,749.75,27622.0
2024-03-05,736.5,740.5,726.25,732.5,36784.0
2024-03-06,729.25,732.25,704.0,706.0,50484.0
2024-03-07,708.25,716.0,702.0,702.5,52091.0
2024-03-08,700.5,721.5,699.25,715.0,46122.0
2024-03-11,706.5,731.5,696.0,727.5,51816.0
2024-03-12,727.25,739.25,723.75,727.75,37468.0
2024-03-13,727.75,730.25,713.5,723.5,35272.0
2024-03-14,711.25,714.5,702.25,707.5,37293.0
2024-03-15,711.5,714.5,700.25,702.5,23372.0
2024-03-18,714.25,723.25,700.5,721.5,41802.0
2024-03-19,731.25,736.25,723.25,734.5,30800.0
2024-03-20,723.25,726.25,714.0,724.5,33068.0
2024-03-21,729.25,733.5,718.25,726.75,26075.0
2024-03-22,725.5,743.5,717.25,737.5,38679.0
2024-03-25,746.5,753.75,730.5,737.75,33835.0
2024-03-26,735.5,737.75,721.5,722.5,24035.0
2024-03-27,720.75,730.5,718.5,727.75,23366.0
2024-03-28,727.75,755.75,723.75,744.75,48902.0
2024-04-01,737.5,743.5,727.5,740.5,26187.0
2024-04-02,738.5,748.0,722.5,724.75,34838.0
2024-04-03,728.75,744.25,728.75,739.25,30399.0
2024-04-04,737.5,746.25,730.5,739.5,24493.0
2024-04-05,755.5,764.0,750.75,754.0,38183.0
2024-04-08,758.5,762.75,749.0,752.0,25880.0
2024-04-09,743.25,750.0,735.75,741.5,24000.0
2024-04-10,747.75,750.0,738.75,742.5,24061.0
2024-04-11,740.5,742.75,728.75,733.5,23950.0
2024-04-12,735.5,747.75,733.25,739.25,22067.0
2024-04-15,735.0,736.5,725.25,735.0,16423.0
2024-04-16,730.75,734.5,723.25,731.5,19016.0
2024-04-17,733.75,738.25,713.5,715.25,27992.0
2024-04-18,716.25,724.5,713.5,716.25,21682.0
2024-04-19,725.25,736.0,722.25,734.0,20782.0
2024-04-22,748.25,771.5,747.5,760.75,59351.0
2024-04-23,764.5,781.5,755.75,780.5,40655.0
2024-04-24,776.75,799.0,773.75,793.75,54715.0
2024-04-25,794.5,806.75,793.5,803.5,42997.0
2024-04-26,801.75,820.0,801.75,805.75,52653.0
2024-04-29,799.0,802.0,780.25,788.0,47274.0
2024-04-30,783.75,785.25,771.25,781.25,40602.0
2024-05-01,782.75,786.5,768.5,776.0,38926.0
2024-05-02,785.75,787.5,771.25,782.5,37242.0
2024-05-03,798.0,819.0,797.75,806.25,60436.0
2024-05-06,802.0,842.0,799.75,840.25,64615.0
2024-05-07,825.0,843.75,824.5,832.5,43457.0
2024-05-08,821.0,826.5,813.5,821.0,38647.0
2024-05-09,834.0,838.5,823.75,825.5,31107.0
2024-05-10,840.75,861.5,836.5,859.25,48230.0
2024-05-13,864.0,899.0,864.0,889.75,56578.0
2024-05-14,884.75,888.5,864.75,871.0,46884.0
2024-05-15,892.0,902.75,857.75,862.25,50119.0
2024-05-16,873.5,878.25,850.5,859.0,41099.0
2024-05-17,864.5,865.0,842.0,843.5,35116.0
2024-05-20,867.0,895.25,865.0,892.0,53173.0
2024-05-21,889.75,907.5,884.25,903.25,46862.0
2024-05-22,910.75,917.0,891.75,897.5,43916.0
2024-05-23,895.75,909.75,891.75,904.0,39121.0
2024-05-24,901.0,914.25,893.25,903.0,41887.0
2024-05-28,908.5,916.25,898.5,906.75,30368.0
2024-05-29,898.0,914.75,891.75,897.25,35552.0
2024-05-30,887.5,889.0,872.0,882.0,32402.0
2024-05-31,891.0,893.25,872.5,878.75,30107.0
2024-06-03,901.75,903.5,864.5,871.25,47576.0
2024-06-04,863.5,864.75,851.75,852.5,40695.0
2024-06-05,853.5,855.0,832.5,837.5,43506.0
2024-06-06,843.0,847.0,826.5,828.25,44163.0
2024-06-07,811.0,816.75,800.75,812.75,44162.0
2024-06-10,804.75,807.75,785.25,786.75,51632.0
2024-06-11,790.25,819.75,787.5,811.25,58616.0
2024-06-12,797.75,804.75,790.75,799.0,37330.0
2024-06-13,804.0,812.25,797.75,803.0,27709.0
2024-06-14,795.25,806.25,791.25,793.5,23268.0
2024-06-17,773.5,777.25,764.5,766.0,28068.0
2024-06-18,762.75,766.75,751.25,753.75,21622.0
2024-06-20,746.75,747.5,734.0,737.25,43549.0
2024-06-21,740.75,744.25,722.5,724.5,45261.0
2024-06-24,720.5,721.25,710.0,718.5,38534.0
2024-06-25,714.75,715.0,703.0,705.25,44418.0
2024-06-26,704.75,720.5,701.75,705.25,48458.0
2024-06-27,716.0,731.75,712.5,729.25,54802.0
2024-06-28,733.25,734.75,712.25,721.75,47354.0
2024-07-01,720.0,744.5,717.5,742.75,49298.0
2024-07-02,734.25,739.5,728.0,731.0,31001.0
2024-07-03,727.25,734.0,723.75,728.0,17355.0
2024-07-05,732.75,745.25,728.0,744.5,35762.0
2024-07-08,728.0,728.25,712.25,717.5,38667.0
2024-07-09,721.25,728.25,718.75,719.5,29582.0
2024-07-10,713.5,714.5,700.0,705.5,39362.0
2024-07-11,723.25,730.75,717.25,718.75,41306.0
2024-07-12,707.25,709.25,692.0,693.75,49146.0
2024-07-15,673.75,678.75,668.25,668.25,39545.0
2024-07-16,670.0,674.5,661.0,667.0,36617.0
2024-07-17,677.0,687.75,675.75,681.75,31847.0
2024-07-18,677.5,685.5,670.75,672.75,30215.0
2024-07-19,686.0,700.0,680.5,685.5,46047.0
2024-07-22,682.25,692.75,679.75,689.5,28921.0
2024-07-23,685.5,694.5,682.0,682.0,26415.0
2024-07-24,679.75,699.0,679.5,689.0,30186.0
2024-07-25,682.0,683.25,674.75,675.75,27856.0
2024-07-26,672.5,674.25,656.75,657.75,35776.0
2024-07-29,651.25,670.25,647.0,667.25,30995.0
2024-07-30,654.25,665.75,650.5,657.5,29254.0
2024-07-31,658.0,672.0,648.75,663.5,37142.0
2024-08-01,666.25,672.75,654.0,671.25,29810.0
2024-08-02,668.75,680.0,668.25,679.75,25432.0
2024-08-05,660.25,680.75,659.75,680.0,25689.0
2024-08-06,672.25,690.5,671.0,685.25,34472.0
2024-08-07,689.75,690.5,672.75,678.5,31336.0
2024-08-08,683.25,685.25,670.0,675.0,22846.0
2024-08-09,692.5,694.5,680.0,682.0,29704.0
2024-08-12,672.25,680.5,664.5,674.75,31147.0
2024-08-13,675.0,677.25,660.5,665.25,23368.0
2024-08-14,662.5,676.0,661.25,674.75,26477.0
2024-08-15,676.25,679.5,663.0,663.5,21703.0
2024-08-16,659.5,669.75,657.75,666.25,21268.0
2024-08-19,659.5,668.25,657.75,665.75,19562.0
2024-08-20,667.25,674.25,666.25,671.0,19457.0
2024-08-21,666.25,668.0,654.75,656.0,33233.0
2024-08-22,655.25,656.0,634.5,645.75,45887.0
2024-08-23,643.75,646.25,635.5,636.5,32845.0
2024-08-26,631.75,637.75,629.5,633.0,31981.0
2024-08-27,632.0,649.25,630.5,645.75,40258.0
2024-08-28,645.75,655.5,645.25,653.0,38312.0
2024-08-29,648.75,662.5,647.25,661.75,31676.0
2024-08-30,662.25,667.25,658.25,665.0,35570.0
2024-09-03,663.75,684.25,661.75,683.25,51377.0
2024-09-04,683.0,702.5,681.5,700.25,49951.0
2024-09-05,691.75,697.25,683.25,693.0,38352.0
2024-09-06,693.25,699.25,682.25,683.75,30138.0
2024-09-09,684.5,687.0,675.75,685.5,27401.0
2024-09-10,689.25,697.5,688.5,692.25,31814.0
2024-09-11,695.75,702.0,691.25,698.5,25913.0
2024-09-12,707.5,713.5,691.25,697.5,42978.0
2024-09-13,711.75,722.0,706.25,717.0,51735.0
2024-09-16,707.25,709.75,692.25,697.5,48153.0
2024-09-17,701.5,704.5,688.75,694.25,27007.0
2024-09-18,698.75,701.5,690.75,694.25,29412.0
2024-09-19,686.75,687.5,680.0,681.75,30205.0
2024-09-20,689.75,694.25,683.0,685.5,35880.0
2024-09-23,697.0,707.25,697.0,702.25,36470.0
2024-09-24,707.25,710.5,693.5,697.0,31132.0
2024-09-25,695.0,712.75,694.0,710.5,32541.0
2024-09-26,717.0,718.5,702.5,704.5,35917.0
2024-09-27,697.25,702.25,694.0,699.25,27374.0
2024-09-30,705.25,712.25,702.5,704.25,32663.0
2024-10-01,704.5,726.5,704.25,722.25,52275.0
2024-10-02,731.0,744.25,730.0,741.75,57477.0
2024-10-03,737.0,744.25,725.0,727.75,43550.0
2024-10-04,714.75,719.75,707.75,711.0,40711.0
2024-10-07,711.25,717.75,709.5,714.5,27880.0
2024-10-08,710.75,719.5,708.25,717.0,27459.0
2024-10-09,725.25,725.75,717.5,722.25,27965.0
2024-10-10,726.75,731.75,721.5,728.0,30271.0
2024-10-11,730.25,737.0,714.5,722.25,45535.0
2024-10-14,717.75,722.5,704.5,705.75,33066.0
2024-10-15,702.0,704.75,697.25,698.75,29291.0
2024-10-16,697.0,708.25,696.0,705.25,26019.0
2024-10-17,701.75,713.5,694.75,710.75,34833.0
2024-10-18,705.25,706.25,687.5,690.5,48871.0
2024-10-21,691.75,704.5,688.25,690.0,46234.0
2024-10-22,687.0,697.75,685.5,694.5,26508.0
2024-10-23,687.25,702.5,684.5,697.5,30219.0
2024-10-24,698.75,704.5,693.25,701.0,26997.0
2024-10-25,690.75,691.25,682.5,686.0,47792.0
2024-10-28,686.0,688.75,672.5,673.75,34097.0
2024-10-29,680.0,690.5,678.0,687.75,39297.0
2024-10-30,683.75,700.0,680.25,691.25,39567.0
2024-10-31,684.25,690.25,679.5,687.75,35886.0
2024-11-01,693.0,696.5,680.25,684.75,31515.0
2024-11-04,683.0,691.5,682.5,685.75,26319.0
2024-11-05,690.5,692.75,681.5,690.25,28057.0
2024-11-06,680.25,696.5,678.0,691.25,34574.0
2024-11-07,691.5,692.0,681.25,689.0,37085.0
2024-11-08,690.0,697.75,683.0,690.25,39024.0
2024-11-11,673.75,682.25,665.25,681.75,52600.0
2024-11-12,683.75,685.5,662.0,665.75,43750.0
2024-11-13,657.75,659.0,646.5,652.25,45959.0
2024-11-14,650.25,650.5,636.5,639.25,34506.0
2024-11-15,640.75,652.5,640.0,646.75,29633.0
2024-11-18,652.25,664.25,651.0,659.75,28484.0
2024-11-19,664.5,671.5,660.75,662.25,27064.0
2024-11-20,660.75,670.0,658.25,667.5,25559.0
2024-11-21,672.0,673.25,663.0,664.25,26267.0
2024-11-22,664.75,664.75,656.0,658.75,26496.0
2024-11-25,648.75,650.75,642.25,648.25,36652.0
2024-11-26,657.5,657.5,645.25,650.75,31562.0
2024-11-27,647.5,647.75,638.5,639.75,38651.0
2024-11-29,638.0,645.25,633.25,639.0,34207.0
2024-12-02,635.25,644.25,633.5,638.25,29222.0
2024-12-03,648.5,649.0,636.5,638.5,28022.0
2024-12-04,634.25,640.5,630.0,639.5,31455.0
2024-12-05,642.25,653.75,641.5,651.0,33593.0
2024-12-06,652.5,653.0,645.25,650.0,31151.0
2024-12-09,655.75,657.5,650.0,651.75,29933.0
2024-12-10,650.5,657.25,647.25,655.25,32826.0
2024-12-11,659.25,664.0,655.75,657.0,33782.0
2024-12-12,657.25,660.5,648.75,651.25,33364.0
2024-12-13,652.0,653.0,643.0,644.0,34137.0
2024-12-16,651.25,651.75,639.75,641.5,41116.0
2024-12-17,642.0,642.25,632.75,635.5,43316.0
2024-12-18,638.25,646.5,629.75,631.25,41099.0
2024-12-19,624.0,624.25,618.75,621.5,46049.0
2024-12-20,622.0,625.0,617.25,621.5,34005.0
2024-12-23,625.0,634.5,623.25,630.25,33717.0
2024-12-24,629.25,629.25,622.25,623.75,15308.0
2024-12-26,623.75,634.5,622.5,631.0,20770.0
2024-12-27,631.5,638.75,627.5,637.25,27392.0
2024-12-30,643.0,647.0,635.0,639.5,26820.0
2024-12-31,643.5,644.25,638.75,643.25,19379.0
2025-01-02,643.5,644.75,632.75,636.5,32331.0
2025-01-03,630.25,631.5,615.25,617.25,57213.0
2025-01-06,626.0,634.25,624.25,630.25,38517.0
2025-01-07,629.5,634.75,628.25,632.75,24352.0
2025-01-08,624.75,629.75,623.25,625.5,25376.0
2025-01-10,620.0,631.25,613.5,617.75,60960.0
2025-01-13,625.0,636.5,623.25,636.0,48056.0
2025-01-14,635.25,644.0,634.75,637.75,43255.0
2025-01-15,640.75,643.25,634.75,638.25,31803.0
2025-01-16,629.25,634.25,626.0,626.75,29193.0
2025-01-17,625.0,632.0,622.0,629.0,32336.0
2025-01-21,640.0,655.25,639.75,650.75,69494.0
2025-01-22,655.25,661.0,643.25,645.75,55367.0
2025-01-23,644.0,652.0,639.0,646.75,37468.0
2025-01-24,640.75,641.5,631.25,634.25,41304.0
2025-01-27,630.0,633.0,620.5,624.75,39384.0
2025-01-28,629.75,639.75,628.0,635.5,39559.0
2025-01-29,642.25,658.75,642.0,654.0,52674.0
2025-01-30,655.25,664.5,654.0,660.5,52444.0
2025-01-31,648.25,659.25,643.5,654.0,44649.0
2025-02-03,649.5,669.25,647.5,661.0,46330.0
2025-02-04,652.5,675.25,652.5,673.75,43158.0
2025-02-05,678.25,681.5,664.25,666.75,45880.0
2025-02-06,668.75,686.75,660.75,686.0,62547.0
2025-02-07,682.0,684.0,676.25,678.75,40362.0
2025-02-10,680.75,683.5,672.0,675.75,32852.0
2025-02-11,678.5,685.75,671.5,672.25,36645.0
2025-02-12,668.25,681.75,668.0,669.75,33901.0
2025-02-13,674.75,677.25,667.5,673.5,23971.0
2025-02-14,689.0,703.0,689.0,701.5,54410.0
2025-02-18,698.5,710.25,694.75,707.25,36522.0
2025-02-19,705.75,705.75,691.0,694.5,33008.0
2025-02-20,695.5,697.25,685.0,687.25,28985.0
2025-02-21,693.5,694.75,687.25,691.5,27252.0
2025-02-24,680.75,685.0,674.75,679.5,31911.0
2025-02-25,671.5,674.75,663.5,673.0,34327.0
2025-02-26,673.0,675.75,661.25,663.75,36782.0
2025-02-27,653.75,654.75,641.25,644.0,55887.0
2025-02-28,651.75,652.75,635.5,636.25,44154.0
2025-03-03,639.0,641.75,624.25,627.25,53327.0
2025-03-04,616.5,619.25,606.75,614.5,56337.0
2025-03-05,622.25,631.0,618.25,627.75,42942.0
2025-03-06,627.5,643.5,623.75,634.25,48602.0
2025-03-07,627.0,634.25,625.5,631.25,33190.0
2025-03-10,643.5,648.0,639.0,644.0,40565.0
2025-03-11,639.25,644.75,636.0,637.5,29763.0
2025-03-12,635.75,639.5,625.75,634.25,31419.0
2025-03-13,642.25,649.0,640.25,644.0,42650.0
2025-03-14,643.0,647.0,635.75,637.75,35664.0
2025-03-17,652.75,658.75,649.0,651.0,43858.0
2025-03-18,653.5,658.0,645.25,647.0,43949.0
2025-03-19,646.25,651.0,641.25,645.25,33408.0
2025-03-20,638.0,641.25,632.25,638.0,36537.0
2025-03-21,639.25,644.75,633.5,639.25,30061.0
2025-03-24,630.75,631.25,624.25,627.75,31903.0
2025-03-25,625.25,628.5,619.5,622.0,32604.0
2025-03-26,619.0,623.75,612.5,613.0,30726.0
2025-03-27,612.0,613.5,602.75,609.25,43662.0
2025-03-28,598.75,606.25,592.5,604.75,48558.0
2025-03-31,604.0,617.5,599.5,615.0,54697.0
2025-04-01,616.5,623.0,614.0,619.0,34502.0
2025-04-02,612.0,621.75,611.5,617.5,32822.0
2025-04-03,604.5,620.5,604.25,613.75,40954.0
2025-04-04,602.75,610.0,596.0,605.75,37973.0
2025-04-07,615.25,625.75,609.25,614.25,43544.0
2025-04-08,621.75,625.0,611.25,618.25,36778.0
2025-04-09,623.0,624.5,614.25,621.0,29256.0
2025-04-10,622.25,623.5,612.0,616.0,36980.0
2025-04-11,629.75,637.5,628.0,636.25,39933.0
2025-04-14,626.25,631.25,621.5,627.0,29948.0
2025-04-15,623.0,629.25,618.5,620.5,23029.0
2025-04-16,627.75,630.0,621.0,626.25,25129.0
2025-04-17,631.0,635.5,626.5,627.5,21320.0
2025-04-21,630.75,632.25,615.25,616.5,20411.0
2025-04-22,612.75,619.75,609.0,614.25,27408.0
2025-04-23,610.75,613.25,606.0,606.75,22081.0
2025-04-24,606.75,609.0,602.0,607.75,26928.0
2025-04-25,610.25,611.0,605.5,608.25,19877.0
2025-04-28,596.5,597.5,588.5,592.75,52293.0
2025-04-29,596.0,599.0,584.5,586.5,42741.0
2025-04-30,586.25,602.5,586.0,592.5,52318.0
2025-05-01,594.0,600.25,590.0,592.75,34935.0
2025-05-02,605.5,610.25,603.25,606.0,37439.0
2025-05-05,602.75,603.75,592.5,593.0,30170.0
2025-05-06,598.75,601.25,594.5,598.25,30611.0
2025-05-07,600.75,601.75,595.0,596.25,31045.0
2025-05-08,596.25,597.5,586.5,590.75,32805.0
2025-05-09,592.5,592.5,581.25,582.5,35702.0
2025-05-12,582.75,589.75,573.75,575.0,47597.0
2025-05-13,569.0,580.5,565.25,577.25,42667.0
2025-05-14,574.0,586.5,572.5,585.75,38959.0
2025-05-15,591.75,595.25,583.5,594.75,37794.0
2025-05-16,594.75,595.0,584.25,586.0,26749.0
2025-05-19,592.25,598.25,586.5,590.5,37046.0
2025-05-20,601.75,611.0,601.75,609.5,52926.0
2025-05-21,615.75,621.0,608.5,613.0,47941.0
2025-05-22,612.25,616.25,605.25,607.75,33161.0
2025-05-23,608.0,612.25,601.0,605.5,27609.0
2025-05-27,596.0,597.5,588.75,590.0,35915.0
2025-05-28,595.0,597.5,588.0,591.75,29095.0
2025-05-29,592.5,596.5,588.75,596.0,26092.0
2025-05-30,595.5,598.25,593.0,596.0,23509.0
2025-06-02,608.5,613.25,600.0,601.75,42796.0
2025-06-03,607.0,609.0,595.75,598.25,34493.0
2025-06-04,602.25,611.0,597.25,606.5,38363.0
2025-06-05,609.5,613.0,603.25,609.0,36360.0
2025-06-06,610.5,620.25,605.5,619.25,42519.0
2025-06-09,607.25,608.5,602.75,605.0,34805.0
2025-06-10,600.0,605.0,592.5,596.5,34103.0
2025-06-11,600.25,601.25,593.75,596.25,25220.0
2025-06-12,597.75,599.5,587.0,587.75,36590.0
2025-06-13,592.5,608.0,591.75,607.0,42816.0
2025-06-16,597.5,602.75,593.5,598.75,25022.0
2025-06-17,604.25,616.5,603.25,612.75,33264.0
2025-06-18,616.25,640.5,616.25,640.0,64864.0
2025-06-20,635.0,643.75,631.25,632.25,39551.0
2025-06-23,625.75,627.75,613.5,617.25,45270.0
2025-06-24,606.75,608.5,597.75,598.25,37735.0
2025-06-25,593.75,595.75,587.75,590.0,35344.0
2025-06-26,589.25,590.0,581.0,581.75,31195.0
2025-06-27,588.25,590.75,582.75,586.0,26640.0
2025-06-30,582.25,590.5,579.5,583.25,35920.0
2025-07-01,589.25,596.25,587.25,595.0,45402.0
2025-07-02,591.0,612.75,590.25,611.25,52358.0
2025-07-03,611.0,615.75,606.0,609.25,28695.0
2025-07-07,589.25,596.25,586.75,594.75,30357.0
2025-07-08,590.25,596.0,588.75,593.5,28464.0
2025-07-09,590.75,596.25,587.0,593.25,24022.0
2025-07-10,599.5,602.0,593.5,601.0,24776.0
2025-07-11,596.0,602.5,589.5,591.0,32173.0
2025-07-14,595.0,596.0,583.5,587.25,32064.0
2025-07-15,584.0,590.75,580.25,583.5,33585.0
2025-07-16,581.0,589.0,578.0,587.5,35858.0
2025-07-17,581.75,583.75,576.5,578.75,29799.0
2025-07-18,589.25,596.25,589.0,592.75,41945.0
2025-07-21,593.5,595.0,586.25,587.0,22123.0
2025-07-22,588.5,599.0,588.5,595.5,33958.0
2025-07-23,592.25,593.0,585.25,586.25,24899.0
2025-07-24,589.25,590.25,579.75,587.0,27519.0
2025-07-25,582.5,584.25,578.75,584.25,21717.0
2025-07-28,577.75,585.25,576.75,583.25,22934.0
2025-07-29,576.25,577.5,570.0,574.0,37354.0
2025-07-30,570.25,576.5,567.0,567.5,31302.0
2025-07-31,566.0,568.75,560.0,567.75,35799.0
2025-08-01,562.75,563.25,559.5,560.0,28276.0
2025-08-04,563.0,566.75,559.0,559.75,26569.0
2025-08-05,557.5,558.0,549.5,550.75,31186.0
2025-08-06,548.25,551.75,546.25,550.75,26952.0
2025-08-07,560.25,563.5,558.0,561.5,27563.0
2025-08-08,561.5,565.5,556.75,558.5,29322.0
2025-08-11,557.75,567.0,557.25,557.5,32123.0
2025-08-12,550.75,554.5,545.25,547.0,35619.0
2025-08-13,548.75,553.5,545.25,549.5,19438.0
2025-08-14,546.25,550.5,542.75,546.25,20218.0
2025-08-15,548.75,550.75,546.25,549.5,16483.0
2025-08-18,547.25,551.25,542.75,544.25,15787.0
2025-08-19,540.0,542.75,538.5,540.25,21421.0
2025-08-20,544.0,550.25,543.75,547.75,42749.0
2025-08-21,552.25,552.75,544.5,549.25,37501.0
2025-08-22,548.0,551.5,545.75,546.5,28475.0
2025-08-25,550.0,555.25,547.75,549.25,30964.0
2025-08-26,550.5,554.0,550.0,551.25,29761.0
2025-08-27,544.75,546.75,542.5,543.5,28810.0
2025-08-28,541.0,549.5,539.25,548.5,29123.0
2025-08-29,547.75,554.25,546.5,553.75,32080.0
2025-09-02,543.75,548.25,541.5,547.75,39433.0
2025-09-03,546.75,549.25,541.0,541.25,28618.0
2025-09-04,536.25,539.5,533.25,538.5,32420.0
2025-09-05,539.5,542.25,537.0,538.25,23237.0
2025-09-08,540.75,543.75,537.5,543.0,27516.0
2025-09-09,540.25,543.75,538.25,539.25,17677.0
2025-09-10,539.5,539.75,533.75,534.0,20604.0
2025-09-11,532.0,541.5,530.75,540.75,36562.0
2025-09-12,537.5,543.25,534.25,542.75,39045.0
2025-09-15,544.25,548.75,542.0,544.25,32176.0
2025-09-16,549.25,554.0,548.75,553.5,30705.0
2025-09-17,553.5,555.25,545.25,547.75,28157.0
2025-09-18,549.5,549.75,542.25,543.5,24584.0
2025-09-19,543.25,545.0,539.25,541.75,30367.0
2025-09-22,536.5,536.5,527.25,529.5,60572.0
2025-09-23,531.25,540.0,530.25,539.5,45341.0
2025-09-24,542.75,543.75,538.0,538.5,31998.0
2025-09-25,543.75,546.75,541.0,546.25,34568.0
2025-09-26,541.5,542.0,537.75,538.75,32090.0
2025-09-29,537.75,541.75,536.75,538.5,25336.0
2025-09-30,536.25,537.5,525.25,526.75,53614.0
2025-10-01,521.5,529.0,520.5,528.0,46703.0
2025-10-02,531.0,535.0,528.0,533.75,36203.0
2025-10-03,536.0,537.5,531.75,534.25,29647.0
2025-10-06,536.0,537.25,530.75,531.5,29436.0
2025-10-07,532.0,532.25,524.25,525.25,31737.0
2025-10-08,526.0,527.5,523.5,525.75,25255.0
2025-10-09,530.0,532.25,525.0,525.0,30176.0
2025-10-10,521.5,523.25,515.0,516.75,39728.0
2025-10-13,514.75,518.75,513.0,515.0,26521.0
2025-10-14,511.0,520.25,510.5,518.5,36630.0
2025-10-15,514.5,518.75,513.0,517.0,29460.0
2025-10-16,514.5,522.25,514.0,521.0,31738.0
2025-10-17,521.25,523.5,518.5,522.25,22622.0
2025-10-20,521.0,524.25,520.5,523.25,21190.0
2025-10-21,520.75,521.5,516.25,518.5,25718.0
2025-10-22,520.5,524.0,518.0,522.25,26288.0
2025-10-23,521.75,532.25,521.0,531.75,37620.0
2025-10-24,530.75,534.5,528.5,531.25,34922.0
2025-10-27,544.25,550.0,543.0,545.25,59535.0
2025-10-28,550.75,554.5,543.75,548.5,58954.0
2025-10-29,546.75,553.25,546.75,551.75,43026.0
2025-10-30,547.25,550.0,539.25,543.5,43414.0
2025-10-31,537.0,553.75,536.25,553.5,51549.0
2025-11-03,561.0,565.0,550.75,563.5,69876.0
2025-11-04,565.0,570.75,559.5,570.5,49681.0
2025-11-05,567.5,575.25,566.5,575.0,40068.0
2025-11-06,565.75,567.0,554.0,555.25,50316.0
2025-11-07,550.5,556.25,545.5,547.0,47697.0
2025-11-10,553.75,557.0,550.0,555.5,32946.0
2025-11-11,551.5,557.5,550.75,555.75,21984.0
2025-11-12,547.0,556.25,547.0,555.75,21605.0
2025-11-13,554.25,559.0,553.5,555.5,21375.0
2025-11-14,561.25,564.5,543.75,546.5,35111.0
2025-11-17,552.0,565.75,551.5,564.25,32798.0
2025-11-18,564.25,568.0,560.25,564.75,35039.0
2025-11-19,566.25,566.5,554.0,555.0,30554.0
2025-11-20,560.0,560.0,545.25,546.25,33660.0
2025-11-21,545.0,550.5,542.25,545.25,30484.0
2025-11-24,540.75,542.0,537.25,540.25,29228.0
2025-11-25,542.25,546.0,539.5,544.75,29354.0
2025-11-26,545.5,550.25,542.5,546.0,38065.0
2025-11-28,546.0,548.25,540.25,544.0,16683.0
2025-12-01,539.0,544.25,538.0,540.5,36112.0
2025-12-02,535.75,550.0,535.25,546.5,47167.0
2025-12-03,544.25,547.25,542.75,543.75,25996.0
2025-12-04,540.75,547.25,537.0,545.75,33883.0
2025-12-05,544.25,547.25,539.75,541.25,28733.0
2025-12-08,543.75,545.5,538.0,540.25,27306.0
2025-12-09,538.5,542.25,536.75,540.0,33032.0
2025-12-10,534.75,536.5,530.5,535.0,42053.0
2025-12-11,538.0,540.25,534.75,539.0,34549.0
2025-12-12,536.5,539.75,534.5,534.75,28908.0
2025-12-15,530.25,533.0,524.75,526.0,44103.0
2025-12-16,520.5,520.75,512.75,514.75,65432.0
2025-12-17,513.5,515.75,509.25,511.5,48011.0
2025-12-18,513.25,516.0,512.25,513.0,41707.0
2025-12-19,513.25,516.5,511.0,515.0,28962.0
2025-12-22,522.25,523.5,519.0,520.75,23612.0
2025-12-23,520.0,524.0,519.0,522.25,24213.0
2025-12-24,526.75,530.25,525.25,527.0,18371.0
2025-12-26,527.75,529.75,522.25,524.25,25581.0
2025-12-29,521.0,522.25,517.25,518.25,28708.0
2025-12-30,520.25,520.75,515.25,516.0,23287.0
2025-12-31,514.5,517.25,511.25,512.25,21236.0
2026-01-02,511.75,513.75,506.75,511.75,43979.0
2026-01-05,513.5,519.75,512.0,517.75,38230.0
2026-01-06,517.75,520.25,515.25,515.75,29224.0
2026-01-07,521.25,525.5,520.5,523.25,37890.0
2026-01-08,522.5,528.0,521.0,523.25,36020.0
2026-01-09,522.25,525.0,519.0,522.5,30366.0
2026-01-12,528.5,533.5,512.25,516.5,70270.0
2026-01-13,514.5,519.0,512.25,515.75,39788.0
2026-01-14,519.0,519.75,513.25,517.75,30159.0
2026-01-15,521.25,521.25,515.0,515.75,28061.0
2026-01-16,523.0,526.25,521.25,523.25,34329.0
2026-01-20,519.25,520.5,514.75,515.5,33233.0
2026-01-21,521.0,522.0,512.25,513.0,32622.0
2026-01-22,517.5,522.25,517.25,520.75,33615.0
2026-01-23,523.75,536.0,523.75,535.0,51666.0
2026-01-26,534.25,535.0,526.75,527.75,40383.0
2026-01-27,530.75,530.75,526.5,528.5,25812.0
2026-01-28,537.5,546.75,537.25,541.5,64581.0
2026-01-29,546.25,549.75,539.25,547.0,48919.0
2026-01-30,548.0,549.0,539.0,543.5,40921.0
2026-02-02,538.5,540.25,531.25,533.25,39802.0
2026-02-03,535.5,536.0,530.25,534.25,32070.0
2026-02-04,530.75,537.0,527.5,532.25,41925.0
2026-02-05,532.5,542.0,529.75,540.75,36155.0
2026-02-06,540.5,544.75,533.0,535.25,39440.0
2026-02-09,535.5,536.75,530.75,534.25,23112.0
2026-02-10,534.25,536.75,529.75,533.75,24164.0
2026-02-11,535.75,545.5,533.5,542.75,37388.0
2026-02-12,545.25,559.25,543.25,558.25,54184.0
2026-02-13,552.0,558.5,551.25,554.25,41271.0
2026-02-17,544.75,546.25,540.5,543.25,30132.0
2026-02-18,548.0,554.0,546.5,554.0,36588.0
2026-02-19,558.0,570.0,557.75,569.25,55543.0
2026-02-20,571.75,582.0,568.0,581.75,71603.0
2026-02-23,575.25,583.5,573.0,574.0,49615.0
2026-02-24,574.0,579.0,570.25,572.75,38011.0
2026-02-25,568.25,570.5,563.5,570.25,37858.0
2026-02-26,571.5,575.75,568.0,574.0,35805.0
2026-02-27,587.0,597.0,586.5,591.5,68317.0
2026-03-02,587.5,588.75,574.75,576.25,57733.0
2026-03-03,580.5,581.0,569.0,574.75,52538.0
2026-03-04,566.5,569.25,564.5,567.75,34198.0
2026-03-05,572.75,586.0,572.75,585.25,51905.0
2026-03-06,603.0,618.5,601.25,618.25,98921.0
2026-03-09,621.5,622.75,601.25,602.5,72566.0
2026-03-10,602.0,603.75,583.75,593.0,59793.0
2026-03-11,603.5,604.25,589.25,596.25,48297.0
2026-03-12,604.75,613.0,596.75,597.75,49171.0
2026-03-13,600.75,614.25,594.25,613.25,47971.0
2026-03-16,608.0,608.0,594.5,597.0,44775.0
